scene,n_cells,n_cells_valid_gt,n_cells_with_return,n_cells_had_ground,n_cells_err_valid,alpha_metres,rmse_m,mae_m,bias_m,p95_abs_err_m,frac_within_20cm,frac_within_50cm,rmse_ground_m,rmse_nonground_m,n_err_ground,n_err_nonground,n_cells_cls_valid,n_gt_ground,n_gt_non_ground,n_fp,n_fn,e_t1_pct,e_t2_pct,e_tot_pct,e_t1_pct_logit,e_t2_pct_logit,e_tot_pct_logit
NU0444ne_P_12498_20220119_20220119,231768,116133,111811,105605,105584,0.20000000298023224,0.03171185031533241,0.020841354504227638,-0.012905558571219444,0.055648576468229294,0.9976322170025761,0.9999905288680103,0.02412378042936325,0.08803277462720871,99343,6241,111778,103952,7826,470,86,6.005622284692052,0.08273049099584423,0.49741451806258835,4.842831587017634,0.6291365245497922,0.924153232299737
NU0445ne_P_12498_20220119_20220119,1000000,989812,986845,922618,922579,0.20000000298023224,0.030198413878679276,0.014393522404134274,0.005813904572278261,0.038543056696653366,0.9973845058255174,0.9995230760726181,0.027611130848526955,0.08722847700119019,902424,20155,986794,926536,60258,5411,4604,8.979720535032692,0.4969045994974831,1.014902806462139,10.506488764977265,0.511043283801169,1.1214093316335527
NU0445nw_P_12498_20220119_20220119,320796,160556,156184,152186,152163,0.20000000298023224,0.020537907257676125,0.011984889395534992,0.007445977069437504,0.029593277722597122,0.999309950513594,0.9998488463029778,0.015736278146505356,0.22250789403915405,151625,538,156139,153731,2408,385,77,15.988372093023257,0.05008749048662924,0.295890200398363,14.617940199335548,0.09171865141058082,0.3157443047540973
NU0445se_P_12498_20220119_20220119,898000,626798,617437,576049,575946,0.20000000298023224,0.029004773125052452,0.014630095101892948,0.005014692898839712,0.044749677181243896,0.997477194042497,0.9996978883436989,0.024237293750047684,0.09757126122713089,559580,16366,617318,583227,34091,5069,2768,14.869027015927957,0.47460079865987,1.2695239730576462,18.518083951776127,0.31445732107738494,1.3197412030752385
NU0446se_P_12498_20220119_20220119,996000,826820,799517,764303,764171,0.20000000298023224,0.03311546891927719,0.018231509253382683,0.005286240018904209,0.05340242385864258,0.9965413500381459,0.9996741567005291,0.029746949672698975,0.08764458447694778,740363,23808,799250,753082,46168,7978,9142,17.280367354011435,1.21394482938113,2.142008132624335,31.79908161497141,0.8964495234250719,2.681513919299343
NU0446sw_P_12498_20220119_20220119,313698,210701,208172,199317,198992,0.20000000298023224,0.024963920935988426,0.012057927437126637,0.005590713117271662,0.03305170685052872,0.9975124628125753,0.9999145694299268,0.022103669121861458,0.09917593747377396,196126,2866,207790,200194,7596,1309,913,17.23275408109531,0.45605762410461853,1.069348861831657,22.840968931016324,0.3641467776257031,1.185812599258867
NU0542ne_P_12498_20220119_20220119,857000,593579,569481,549739,549723,0.20000000298023224,0.029928555712103844,0.018088381737470627,0.004452860914170742,0.05909233167767525,0.9983391635423658,0.9999363315706273,0.0220508873462677,0.061270590871572495,480840,68883,569464,486821,82643,2194,1319,2.654792299408298,0.27094147540882585,0.6168958880631612,3.3771765303776484,1.8035376452535943,2.0319107090176027
NU0542se_P_12498_20220119_20220119,196084,98198,92510,90515,90511,0.20000000298023224,0.015607289969921112,0.011063093319535255,0.0078463489189744,0.02870631217956543,0.9998232259062434,0.9999889516191403,0.014523806050419807,0.058714430779218674,89598,913,92502,90652,1850,177,52,9.567567567567568,0.05736222035917575,0.2475622148710298,12.756756756756756,0.03640294753563077,0.2908045231454455
NU0543ne_P_12498_20220119_20220119,1000000,999999,998692,942836,942835,0.20000000298023224,0.032290611416101456,0.020334893837571144,0.011511587537825108,0.058864593505859375,0.9974682738761289,0.9999469684515319,0.026059530675411224,0.07099241763353348,864226,78609,998691,873856,124835,5630,5436,4.509953138142348,0.6220704555441628,1.1080504380233727,5.174830776625146,0.5256014720960891,1.1067487340929276
NU0543nw_P_12498_20220119_20220119,919000,650057,645206,609442,609392,0.20000000298023224,0.030713891610503197,0.015417524613440037,0.00460935290902853,0.05378692224621773,0.9966294273636674,0.9998703625909103,0.022299308329820633,0.06501830369234085,536515,72877,645081,541683,103398,2398,3834,2.3191937948509644,0.7077940419027364,0.9660802286844598,3.150931352637382,0.5261379810701092,0.9468578364577471
NU0543se_P_12498_20220119_20220119,1000000,980985,979894,951217,951177,0.20000000298023224,0.027469195425510406,0.013483348302543163,0.005279126577079296,0.04332857206463814,0.9977774904145075,0.9997623996375018,0.020185206085443497,0.07351133227348328,885097,66080,979847,891455,88392,3179,3633,3.5964793193954203,0.4075359945258033,0.6952105787944445,3.55462032763146,0.49200464409308375,0.7682832115626215
NU0543sw_P_12498_20220119_20220119,276696,139666,136297,135525,135475,0.20000000298023224,0.007816091179847717,0.005509051959961653,-0.0015743746189400554,0.015393733978271484,1.0,1.0,0.007772212382405996,0.038548652082681656,135410,65,136245,135650,595,16,82,2.689075630252101,0.06044968669369701,0.07192924510991229,0.0,0.2425359380759307,0.24147675144041983
NU0544ne_P_12498_20220119_20220119,1000000,999998,999785,977442,977440,0.20000000298023224,0.022529523819684982,0.014223492704331875,0.008155131712555885,0.03672528266906738,0.9989472499590768,0.999961122933377,0.01888631284236908,0.08365917205810547,955236,22204,999783,964013,35770,1891,1924,5.286552977355326,0.19958237077715757,0.3815828034683526,5.401174168297456,0.2622371275076166,0.4460968030062524
NU0544nw_P_12498_20220119_20220119,1000000,973438,970173,910693,910646,0.20000000298023224,0.040203507989645004,0.02190256677567959,0.004220219328999519,0.05921733379364014,0.9939383690259442,0.9993059871783327,0.03591625392436981,0.07031957805156708,829334,81312,970120,855103,115017,8213,9044,7.140683551127225,1.0576503649267983,1.7788521007710387,8.927375953119974,1.2513112455458582,2.1613820970601574
NU0544se_P_12498_20220119_20220119,1000000,999999,999903,971971,971970,0.20000000298023224,0.030175667256116867,0.017703380435705185,0.007503435481339693,0.04368795081973076,0.996855870037141,0.9998528761175757,0.02566307969391346,0.09340948611497879,941609,30361,999902,949061,50841,6478,7006,12.741684860643968,0.7382033399328389,1.3485321561513028,17.20658523632501,0.5710907939531811,1.4169388600082808
NU0544sw_P_12498_20220119_20220119,995000,922332,736138,680026,680018,0.20000000298023224,0.03987407684326172,0.021431200206279755,0.0036893170326948166,0.07783744484186172,0.9943001508783591,0.9997485360681629,0.031166445463895798,0.07087261974811554,576193,103825,735892,593926,141966,3852,6254,2.7133257258780272,1.0529931338247527,1.3732993428383513,2.9408449910541963,1.2112620090718373,1.5449277883167638
NU0545ne_P_12498_20220119_20220119,1000000,999999,996116,878331,878330,0.20000000298023224,0.04386375471949577,0.02601325511932373,-0.007436799351125956,0.07991578429937363,0.9941297689934308,0.9995354821080915,0.03823329508304596,0.07862032949924469,792301,86029,996115,841671,154444,33197,62663,21.494522286395068,7.445070579834638,9.623386857943109,14.137810468519334,19.112574865951185,18.34125577870025
NU0545nw_P_12498_20220119_20220119,1000000,999998,999627,927086,927086,0.20000000298023224,0.03235333040356636,0.019258685410022736,0.0025041364133358,0.05931985378265381,0.9972720977341908,0.9998425173069165,0.028357602655887604,0.0718960240483284,875562,51524,999625,896078,103547,18302,15990,17.675065429225377,1.7844428721606824,3.4304864324121547,27.7332998541725,2.3718917326393463,4.9989746154808055
NU0545se_P_12498_20220119_20220119,1000000,1000000,995458,944300,944300,0.20000000298023224,0.02508411556482315,0.015420139767229557,0.006782470270991325,0.04143238067626953,0.9985926082812665,0.9999248120300752,0.022177288308739662,0.062346357852220535,906091,38209,995458,918514,76944,7166,5259,9.31326679143273,0.5725552359572091,1.248169184435707,9.075431482636724,0.9502304809725274,1.5782684955065909
NU0545sw_P_12498_20220119_20220119,1000000,999998,995136,949801,949799,0.20000000298023224,0.026064099743962288,0.016720226034522057,0.004652366973459721,0.042652200907468796,0.9984291413235853,0.9999463044286212,0.023593995720148087,0.07559525221586227,927212,22587,995134,948258,46876,9698,5097,20.688625309326735,0.5375119429522345,1.4867344498328867,26.19677446881133,0.5713634896831875,1.7784539569545408
NU0546nw_P_12498_20220119_20220119,94710,47261,45619,41462,41306,0.20000000298023224,0.10879457741975784,0.025773338973522186,0.01327737607061863,0.06687641143798828,0.9966348714472474,0.9990074081247277,0.03207477554678917,0.9089510440826416,40765,541,45427,42690,2737,1599,314,58.42162952137377,0.7355352541578825,4.2111519580866,87.39495798319328,0.17100023424689623,5.426288330728421
NU0546se_P_12498_20220119_20220119,835000,632949,432288,416051,415974,0.20000000298023224,0.013217626139521599,0.008270274847745895,-0.0003166127426084131,0.027476871386170387,0.9999567280647348,1.0,0.013035893440246582,0.031065676361322403,413478,2496,432169,425872,6297,1937,3384,30.76067968874067,0.7946049517225833,1.2312313007180062,39.39971414959505,2.3337998271781193,2.873875729170764
NU0546sw_P_12498_20220119_20220119,1000000,930010,844466,778501,778493,0.20000000298023224,0.05505406856536865,0.02300398238003254,-0.008061875589191914,0.08289499580860138,0.9866768230414403,0.9983943336677401,0.050953105092048645,0.12493786960840225,752486,26007,844458,776245,68213,8878,28738,13.015114421004794,3.7021816565646155,4.4544548100675225,23.41195959714424,2.965687379628854,4.617281143644799
NU0640ne_P_12498_20220119_20220119,713000,447889,440044,422425,422401,0.20000000298023224,0.026431767269968987,0.0168494563549757,0.012217468582093716,0.041965484619140625,0.9983238676044801,0.9999100380917659,0.02059119939804077,0.09510692209005356,408945,13456,439908,413358,26550,1091,376,4.109227871939736,0.0909623135393533,0.3334788182983715,4.5386064030131825,0.10233260273177246,0.37007737981577965
NU0640se_P_12498_20220119_20220119,60816,30720,30334,27758,27726,0.20000000298023224,0.04024305194616318,0.02735796943306923,0.020589765161275864,0.06811714172363281,0.99675394936161,0.9995311260188993,0.03201649338006973,0.12362253665924072,26570,1156,30248,27199,3049,387,52,12.692686126598884,0.19118349939336005,1.4513356254959004,16.103640537881272,0.05514908636346925,1.6728378735784184
NU0641ne_P_12498_20220119_20220119,1000000,999992,999799,988706,988701,0.20000000298023224,0.02090314030647278,0.016359636560082436,0.015204615890979767,0.03688812255859375,0.9998240115060064,0.9999828057218512,0.019780181348323822,0.09164398908615112,983060,5641,999791,985762,14029,2062,168,14.698125311854017,0.01704265329765197,0.22304661674289927,14.584075842896857,0.023839425743739363,0.22814768286571893
NU0641nw_P_12498_20220119_20220119,801000,550053,531211,525040,525011,0.20000000298023224,0.023403048515319824,0.01320673804730177,0.00869541522115469,0.032118797302246094,0.9984019382451035,0.9998247655763403,0.016702143475413322,0.10963574051856995,512994,12017,531100,514628,16472,468,870,2.8411850412821757,0.1690541517367885,0.2519299566936547,4.0189412336085475,0.18051874363617992,0.2995669365467897
NU0641se_P_12498_20220119_20220119,1000000,926646,920920,879928,879909,0.20000000298023224,0.020233601331710815,0.013801340945065022,0.011188737116754055,0.03559112548828125,0.9996420084349632,0.9999636326029169,0.0171677153557539,0.06654077023267746,855496,24413,920899,861827,59072,873,365,1.4778575297941494,0.04235188732773515,0.1344338521379652,1.5218716143011917,0.041191561647523224,0.13617128479887589
NU0641sw_P_12498_20220119_20220119,137334,68717,61250,61025,61016,0.20000000298023224,0.017876362428069115,0.01362173818051815,0.007250041700899601,0.030176639556884766,0.9998197194178576,1.0,0.016308225691318512,0.11312771588563919,60755,261,61231,60808,423,25,0,5.91016548463357,0.0,0.04082899185053323,5.91016548463357,0.0032890409156689907,0.04409531119857588
NU0642ne_P_12498_20220119_20220119,1000000,999528,999952,945093,945078,0.20000000298023224,0.028986934572458267,0.021368669345974922,0.017035873606801033,0.04716682434082031,0.9985112339933847,0.9999735471569542,0.025892505422234535,0.07479401677846909,912482,32596,999480,918274,81206,2298,3012,2.8298401595941187,0.3280066733894241,0.5312762636571017,3.5243701204344506,0.2959900857478269,0.5582903109617001
NU0642nw_P_12498_20220119_20220119,1000000,999999,999781,924949,924948,0.20000000298023224,0.04274787753820419,0.026077765971422195,0.014876858331263065,0.07655292749404907,0.9948072756522529,0.9995697055402033,0.02965407818555832,0.08325622975826263,780065,144883,999780,791021,208759,7614,4823,3.6472679022221794,0.6097183260621399,1.2439736742083258,4.4908243476927945,0.4969526725586299,1.3308927964152113
NU0642se_P_12498_20220119_20220119,1000000,999953,999892,969614,969610,0.20000000298023224,0.03043999895453453,0.02056898921728134,0.015665564686059952,0.0498691089451313,0.9979837254153732,0.9999752477800353,0.025159232318401337,0.09366973489522934,934641,34969,999845,942183,57662,4217,3300,7.313308591446707,0.3502504290567756,0.7518165315623921,8.17175956435781,0.4327184846255982,0.8790362506188459
NU0642sw_P_12498_20220119_20220119,1000000,960803,953452,930601,930580,0.20000000298023224,0.026156950742006302,0.016848890110850334,0.012996450997889042,0.04454517364501953,0.9985353220572116,0.9999688366395152,0.022071916610002518,0.09599553048610687,909574,21006,953368,915169,38199,3289,1613,8.610173041179088,0.17625159943136184,0.5141771068464643,10.413885180240321,0.1454376186256309,0.5568678621476701
NU0643ne_P_12498_20220119_20220119,1000000,999997,996372,952264,952264,0.20000000298023224,0.025617633014917374,0.014141726307570934,0.0025941417552530766,0.042571306228637695,0.9982536355464451,0.9998141271748171,0.023853151127696037,0.04159067943692207,880656,71608,996369,896996,99373,7257,7591,7.3027884837933845,0.8462691026492872,1.4902109559811676,10.007748583619293,1.3793818478566238,2.239933197439904
NU0643nw_P_12498_20220119_20220119,1000000,999975,999131,978458,978453,0.20000000298023224,0.026166807860136032,0.012370893731713295,0.0019166214624419808,0.03186335414648056,0.9969656181748127,0.9997833314425936,0.024423712864518166,0.07542824000120163,961511,16942,999106,970144,28962,2360,7910,8.148608521510946,0.8153428769337335,1.0279189595498375,11.501277536081762,0.8147244120460467,1.1245053077451241
NU0643se_P_12498_20220119_20220119,1000000,999999,999888,989521,989520,0.20000000298023224,0.034952305257320404,0.0142355440184474,0.005673058796674013,0.031729359179735184,0.9959748160724392,0.9987074541191688,0.03331887349486351,0.07686122506856918,966519,23001,999887,971117,28770,1556,6862,5.408411539798401,0.7066089873825708,0.8418951341501589,7.32360097323601,1.1284943008926833,1.306747662485861
NU0643sw_P_12498_20220119_20220119,1000000,1000000,999917,984373,984373,0.20000000298023224,0.023238200694322586,0.014451633207499981,0.009407293051481247,0.03567681461572647,0.9985930130143756,0.9999746031230031,0.019077511504292488,0.0861278772354126,959804,24569,999917,963831,36086,2342,3651,6.4900515435348884,0.3788008478664828,0.5993497460289204,12.151526907942138,0.3816021688449531,0.8063669284550617
NU0644ne_P_12498_20220119_20220119,1000000,999999,999893,953048,953047,0.20000000298023224,0.023836791515350342,0.01438725832849741,-0.00015195031301118433,0.04496192932128906,0.999278104857368,0.999996852201413,0.01910552754998207,0.06269915401935577,898750,54297,999892,910199,89693,4424,10718,4.932380453324117,1.1775446907764127,1.5143635512635365,8.036301606591373,2.539884135227571,3.032927556176067
NU0644nw_P_12498_20220119_20220119,1000000,1000000,999059,982314,982314,0.20000000298023224,0.021997349336743355,0.010301824659109116,0.0036334004253149033,0.02446770668029785,0.9982266362894145,0.9997108867429355,0.016299717128276825,0.15586060285568237,973393,8921,999059,978509,20550,2372,2386,11.54257907542579,0.24384037346616128,0.47624814950868766,9.776155717761558,0.5108793071908383,0.7014600739295678
NU0644se_P_12498_20220119_20220119,1000000,999998,999950,987562,987560,0.20000000298023224,0.017035529017448425,0.010028769262135029,-0.0014416823396459222,0.027460109442472458,0.9993114342419701,0.9999898740329701,0.016200045123696327,0.0705336257815361,981741,5819,999948,987009,12939,3034,3847,23.448489064069868,0.38976341654432733,0.6881357830607192,32.86189040884149,0.6547052762436817,1.0714557156972162
NU0644sw_P_12498_20220119_20220119,1000000,999999,999932,982684,982683,0.20000000298023224,0.01497457455843687,0.009484332986176014,0.002379167824983597,0.023627519607543945,0.9995929511348014,0.999992876644859,0.014327030628919601,0.0646529570221901,977992,4691,999931,985500,14431,1311,3288,9.084609521169703,0.33363774733637747,0.45993173528973497,3.783521585475712,1.052359208523592,1.0917753324979425
NU0645ne_P_12498_20220119_20220119,637320,430777,294804,288291,288259,0.20000000298023224,0.011676691472530365,0.0066907680593431,-0.0020723859779536724,0.021423006430268288,0.9998369521853611,1.0,0.01164182834327221,0.12990066409111023,288245,14,294769,294175,594,131,370,22.053872053872055,0.1257754737826124,0.1699635986145083,19.52861952861953,0.20294042661680972,0.24188432297833218
NU0645nw_P_12498_20220119_20220119,1000000,959738,866323,821051,821049,0.20000000298023224,0.02613217383623123,0.012330607511103153,-0.0021837628446519375,0.04121809080243111,0.9978539648668959,0.9998246146088723,0.02344665303826332,0.08369999378919601,804116,16933,866221,827190,39031,5228,9660,13.394481309728166,1.1678090886011678,1.7187299776846787,21.61102713227947,2.0161027091720163,2.899029231570234
NU0645se_P_12498_20220119_20220119,1000000,990845,985199,974749,974715,0.20000000298023224,0.016760176047682762,0.010287470184266567,-0.005854716058820486,0.030324768275022507,0.9995968052199874,0.9999958962363358,0.015125621110200882,0.04458373412489891,945833,28882,985165,948411,36754,1318,5569,3.58600424443598,0.5871926833408723,0.6990707140428253,0.3917940904391359,11.55416797148072,11.13772819781458
NU0645sw_P_12498_20220119_20220119,1000000,1000000,999817,938452,938452,0.20000000298023224,0.0290082860738039,0.017800115048885345,-0.0027130122762173414,0.05307743698358536,0.9980659639491418,0.9999882785693888,0.024952681735157967,0.06451825797557831,880436,58016,999817,897876,101941,6625,18785,6.498857182095525,2.0921597191594383,2.5414650881111243,6.167292845861822,5.141578569869336,5.246160047288654
NU0646sw_P_12498_20220119_20220119,65016,32852,25684,23771,23767,0.20000000298023224,0.02313060127198696,0.015537960454821587,0.004989427048712969,0.04132988303899765,0.9993267976606218,0.9999158497075777,0.021606162190437317,0.20245634019374847,23727,40,25679,25268,411,347,48,84.42822384428224,0.1899635903118569,1.5382218933759102,98.78345498783455,0.011872724394491056,1.5927411503563222
NU0740ne_P_12498_20220119_20220119,1000000,981241,980371,957386,957284,0.20000000298023224,0.02876877412199974,0.019425297155976295,0.01621711626648903,0.04466056823730469,0.9981813129645957,0.9997649600327594,0.02453484758734703,0.11254043877124786,939375,17909,980156,944905,35251,2648,1972,7.511843635641542,0.20869822892248427,0.47135353964062865,10.725936852855238,0.13927326027484244,0.5200192622398884
NU0740nw_P_12498_20220119_20220119,1000000,1000000,999935,967425,967425,0.20000000298023224,0.03971605375409126,0.020053880289196968,0.014005208387970924,0.04639434814453125,0.9959697134144766,0.9994263121172184,0.023024138063192368,0.17518122494220734,933831,33594,999935,937730,62205,2313,1638,3.718350614902339,0.17467714587354569,0.395125683169406,4.835624145968974,0.12562251394324592,0.41862721076869996
NU0740se_P_12498_20220119_20220119,297598,148614,145251,144725,144706,0.20000000298023224,0.031132206320762634,0.02410285361111164,0.023197531700134277,0.05891704559326172,0.9992191063259298,0.9999930894365127,0.02980022132396698,0.1634017825126648,144251,455,145232,144502,730,207,36,28.356164383561644,0.024913149991003584,0.16731849730087034,36.43835616438356,0.0020760958325836323,0.18522088795857664
NU0740sw_P_12498_20220119_20220119,800000,601026,582150,552813,552660,0.20000000298023224,0.12281961739063263,0.02558588795363903,0.007890771143138409,0.05510912090539932,0.9927532298338942,0.9967575000904715,0.12111865729093552,0.15672579407691956,529481,23179,581957,534588,47369,1710,4784,3.609955878317043,0.894894760076919,1.1158900056189718,3.4685131626169015,0.6971724019244727,0.9227485879540929
NU0741ne_P_12498_20220119_20220119,1000000,1000000,999243,963901,963901,0.20000000298023224,0.022261707112193108,0.013754360377788544,0.008499770425260067,0.03370380401611328,0.9989749984697599,0.999903517062437,0.019583068788051605,0.08033393323421478,946102,17799,999243,963766,35477,6000,3055,16.912365758096794,0.3169856583444529,0.9061859827889712,23.37570820531612,0.33275712154195103,1.1508712095055957
NU0741nw_P_12498_20220119_20220119,1000000,999990,999877,985751,985746,0.20000000298023224,0.025231914594769478,0.018871231004595757,0.016625583171844482,0.04166603088378906,0.9995303049669996,0.9999786963375961,0.023166941478848457,0.0748666450381279,966308,19438,999867,972143,27724,2888,1415,10.416967248593277,0.14555471777300252,0.4303572375125892,12.310633386235752,0.10955178404823158,0.44785956532218785
NU0741se_P_12498_20220119_20220119,1000000,999999,999990,978922,978921,0.20000000298023224,0.0316535122692585,0.024858498945832253,0.022262247279286385,0.05652618408203125,0.999398317126714,0.9999754832105961,0.029904266819357872,0.0816013365983963,960635,18286,999989,967178,32811,3946,1511,12.026454542683856,0.15622770575840228,0.5457060027660304,9.658346286306422,0.30304659535266515,0.6100067100738108
NU0741sw_P_12498_20220119_20220119,1000000,999998,999697,976199,976197,0.20000000298023224,0.02416147291660309,0.018709145486354828,0.016728341579437256,0.04131317138671875,0.9995687345894323,1.0,0.021969057619571686,0.08240421116352081,960545,15652,999695,967008,32687,3356,574,10.267078655122832,0.05935835070650915,0.39311990156997884,10.294612537094258,0.06969952678778252,0.4040232270842607
NU0742ne_P_12498_20220119_20220119,1000000,1000000,999270,970627,970627,0.20000000298023224,0.020938795059919357,0.015833275392651558,0.01253090612590313,0.036952972412109375,0.9998300067894258,1.0,0.019707299768924713,0.052281323820352554,949908,20719,999270,961566,37704,3912,2832,10.37555697008275,0.29451956495965953,0.6748926716503048,8.82399745385105,0.5896631120484709,0.9003572608003843
NU0742nw_P_12498_20220119_20220119,1000000,999594,999447,982066,982064,0.20000000298023224,0.01826648600399494,0.01263461820781231,0.009071850217878819,0.029999732971191406,0.9995041056387364,0.9999816712556412,0.016559774056077003,0.07032691687345505,969569,12495,999041,974632,24409,1778,2336,7.28419845139088,0.23968020750396046,0.4117949113199558,9.500594043180794,0.2982664226087385,0.5231016544866527
NU0742se_P_12498_20220119_20220119,1000000,999999,999425,985786,985785,0.20000000298023224,0.015314729884266853,0.009837925434112549,0.005873087327927351,0.02472066879272461,0.9996337943872142,0.9999949279000999,0.013940232805907726,0.07352021336555481,978178,7607,999424,983983,15441,2787,1346,18.04934913541869,0.13679098114499946,0.41353819800204916,16.009325820866525,0.2046783328573766,0.4488585425204918
NU0742sw_P_12498_20220119_20220119,1000000,999966,997161,978543,978539,0.20000000298023224,0.026543796062469482,0.014439824037253857,0.007249828893691301,0.03846175596117973,0.9974073593387693,0.9998886094473496,0.018768155947327614,0.10492230951786041,946186,32353,997127,950683,46444,2695,3936,5.802687107053656,0.414018132227041,0.6650105753830756,13.678839031952458,0.1560982998538945,0.7859580574991952
NU0743ne_P_12498_20220119_20220119,1000000,999999,979440,866192,866191,0.20000000298023224,0.04406953975558281,0.029271915555000305,-0.023500632494688034,0.08753299713134766,0.9948579470347764,1.0,0.041845787316560745,0.06436417996883392,796997,69194,979439,875957,103482,5702,49834,5.5101370286619895,5.689092044472503,5.67018466693689,9.042152258363773,30.432886545800763,28.172862220107632
NU0743nw_P_12498_20220119_20220119,1000000,999998,995594,952401,952399,0.20000000298023224,0.018902264535427094,0.011627723462879658,-0.0013566607376560569,0.03472089767456055,0.999341662475496,1.0,0.018105175346136093,0.04394078254699707,934873,17526,995592,962110,33482,6925,5126,20.682754913087628,0.5327873112222096,1.2104356001253525,54.193297891404335,0.5254076976645082,2.3302718382630636
NU0743se_P_12498_20220119_20220119,1000000,999999,995155,942155,942154,0.20000000298023224,0.022623060271143913,0.01590481773018837,0.008069594390690327,0.041699014604091644,0.999472485389862,0.9999745264574581,0.02090088464319706,0.04593979939818382,899958,42196,995154,934292,60862,13785,6005,22.649600736091486,0.642732678862711,1.9886369345849988,25.99815977128586,6.548488052985577,7.737998339955424
NU0743sw_P_12498_20220119_20220119,1000000,999998,989832,943511,943510,0.20000000298023224,0.02714879810810089,0.0174116138368845,0.006438945885747671,0.05228675529360771,0.9989952411739145,0.9999597248571822,0.021397767588496208,0.055042341351509094,841083,102427,989830,855275,134555,4044,3970,3.005462450299134,0.46417818830200813,0.8096339775517007,2.2429489799710156,1.1855835842272953,1.3293191760201246
NU0744ne_P_12498_20220119_20220119,618000,337102,302862,268231,268220,0.20000000298023224,0.0556037575006485,0.04900375381112099,-0.048687949776649475,0.09335048496723175,1.0,1.0,0.05560443922877312,0.028726715594530106,268211,9,302851,302828,23,10,320,43.47826086956522,0.10567054565628013,0.10896447427943114,0.0,72.41338317460736,72.40788374481181
NU0744nw_P_12498_20220119_20220119,1000000,1000000,997744,922455,922455,0.20000000298023224,0.042253073304891586,0.02953287959098816,-0.018826615065336227,0.08829321712255478,0.9986427522209755,0.9999262836669539,0.040942613035440445,0.05707072839140892,858834,63621,997744,893622,104122,8800,27639,8.451624056395382,3.0929184823113127,3.6521392260940684,15.04100958491001,34.23349022293542,32.230612261261406
NU0744se_P_12498_20220119_20220119,1000000,865255,803173,688777,688716,0.20000000298023224,0.04621793329715729,0.03634129837155342,-0.03491954877972603,0.08455610275268555,0.9983549097160513,1.0,0.04625270888209343,0.03097652830183506,686839,1877,803102,793239,9863,1271,9971,12.886545675757883,1.2569982060892115,1.3998221894603675,2.240697556524384,40.74307995446517,40.27022719405505
NU0744sw_P_12498_20220119_20220119,1000000,999997,997347,953593,953591,0.20000000298023224,0.020320964977145195,0.011667970567941666,0.001452593831345439,0.03320777416229248,0.9988873636601017,0.999988464656231,0.0178874172270298,0.05810479447245598,924579,29012,997345,942084,55261,7229,5911,13.08155842275746,0.6274387421928406,1.3174979570760368,20.5262300718409,1.6147180081606312,2.6625691210162983
NU0745se_P_12498_20220119_20220119,6042,3019,2812,2812,2781,0.20000000298023224,0.03601257875561714,0.034668222069740295,-0.034668222069740295,0.05139589309692383,1.0,1.0,0.03601257875561714,nan,2781,0,2781,2781,0,0,0,0.0,0.0,0.0,0.0,99.82020855807264,99.82020855807264
NU0745sw_P_12498_20220119_20220119,809000,652155,547199,545531,545413,0.20000000298023224,0.020996015518903732,0.014837890863418579,-0.014179110527038574,0.04505467414855957,1.0,1.0,0.020996110513806343,0.01944633573293686,545378,35,547079,547044,35,3,20,8.571428571428571,0.003656013044654543,0.0042041460191306924,0.0,34.46103055695703,34.458825873411335
NU0840ne_P_12498_20220119_20220119,476,227,237,232,213,0.20000000298023224,0.06404697895050049,0.05640559643507004,-0.05623900145292282,0.11418380588293076,1.0,1.0,0.06404697895050049,nan,213,0,218,218,0,0,2,0.0,0.9174311926605505,0.9174311926605505,0.0,94.95412844036697,94.95412844036697
NU0840nw_P_12498_20220119_20220119,861000,530845,491442,475285,475159,0.20000000298023224,0.037544772028923035,0.017416706308722496,0.011368230916559696,0.046233274042606354,0.99747452957852,0.9992339406388178,0.03191728517413139,0.10170930624008179,455243,19916,491310,459538,31772,1943,1493,6.115447563892736,0.3248915214846215,0.6993547861838758,5.470225355659071,0.5255278127162498,0.8452911603671817
NU0841ne_P_12498_20220119_20220119,1000000,882145,814514,663052,663016,0.20000000298023224,0.04040834680199623,0.031003620475530624,-0.02879648655653,0.08023601770401001,0.9995626048240163,1.0,0.04293929412961006,0.029547201469540596,518939,144077,814445,636088,178357,1266,68032,0.7098123426610674,10.695375482637623,8.508616296987519,0.005046059308017067,35.33882104362918,27.60100436493563
NU0841nw_P_12498_20220119_20220119,1000000,999994,991109,858885,858884,0.20000000298023224,0.05341147258877754,0.02682061493396759,-0.016162846237421036,0.09375759214162827,0.9832806292817191,0.9997636467788432,0.05429203808307648,0.0477689653635025,736531,122353,991103,784352,206751,9460,49947,4.575552234330185,6.367931744930847,5.9940288748999855,4.852213532219917,16.37045612174126,13.967670363221583
NU0841se_P_12498_20220119_20220119,673000,454324,420862,327621,327228,0.20000000298023224,0.06280966103076935,0.04622868448495865,-0.04357733204960823,0.1404607743024826,0.9841731147701297,0.9999938880535896,0.06757928431034088,0.03694423660635948,263674,63554,420428,323957,96471,1456,80245,1.509261850711613,24.77026272005235,19.432816082658626,0.08396305625524769,55.457668764681735,42.75167210556861
NU0841sw_P_12498_20220119_20220119,1000000,985495,947034,896447,896444,0.20000000298023224,0.02662890963256359,0.017577391117811203,6.989612302277237e-05,0.05394836515188217,0.9992202524641807,0.9999687654778212,0.024911481887102127,0.06581801176071167,875064,21380,947017,912775,34242,5134,3625,14.99328310262251,0.3971405877680699,0.9249041991854423,18.93873021435664,12.626112678370902,12.854362698874466
NU0842ne_P_12498_20220119_20220119,17848,9150,5083,3758,3741,0.20000000298023224,0.0920214056968689,0.08530804514884949,-0.08528696745634079,0.14275097846984863,0.9986634589681903,1.0,0.0920214056968689,nan,3741,0,5056,5041,15,0,261,0.0,5.1775441380678435,5.162183544303797,0.0,94.44554651854791,94.16534810126582
NU0842nw_P_12498_20220119_20220119,1000000,823919,671535,569972,569959,0.20000000298023224,0.03836242854595184,0.02961890399456024,-0.025768309831619263,0.0755772590637207,0.9998438484171669,1.0,0.03895198181271553,0.028728775680065155,532412,37547,671513,616254,55259,1667,26490,3.0167031614759585,4.298552220350699,4.193068488621963,2.332651694746557,36.94450664823271,34.09628704135289
NU0842se_P_12498_20220119_20220119,632000,366822,289456,219107,219093,0.20000000298023224,0.05014227703213692,0.04155291989445686,-0.04082693159580231,0.0931251049041748,0.9999863071846202,1.0,0.050208646804094315,0.03312522917985916,218068,1025,289438,287564,1874,58,3175,3.0949839914621133,1.1041020433712148,1.1169922401343293,0.0,46.2192764045569,45.920024322998366
NU0842sw_P_12498_20220119_20220119,1000000,999979,958565,804616,804616,0.20000000298023224,0.037735629826784134,0.023952510207891464,-0.016436364501714706,0.06712549924850464,0.9955606152500075,0.9999937858556132,0.03848329931497574,0.0349939800798893,625775,178841,958550,700030,258520,8025,63193,3.1042085718706485,9.027184549233604,7.429763705596995,2.1008045799164474,24.225676042455323,18.258619790308277
NU0843nw_P_12498_20220119_20220119,642000,384327,336039,267556,267533,0.20000000298023224,0.058997057378292084,0.05184716731309891,-0.05145050957798958,0.09918985515832901,0.9999962621433618,1.0,0.05899874493479729,0.026086531579494476,267514,19,335991,335741,250,46,2407,18.4,0.7169216747433289,0.7300790794991533,0.0,75.77150243789112,75.71512332175564
NU0843sw_P_12498_20220119_20220119,708000,638458,346481,299962,299944,0.20000000298023224,0.04565485194325447,0.03402938321232796,-0.023826884105801582,0.08840121328830719,0.9995565838956605,0.9998699757288028,0.04540831968188286,0.07938725501298904,298356,1588,346454,342158,4296,1055,1763,24.557728119180634,0.5152590323768551,0.8133835949361242,23.021415270018622,38.89226614604949,38.69546895114503
NU0844sw_P_12498_20220119_20220119,32480,16784,11308,8579,8553,0.20000000298023224,0.11973444372415543,0.11466356366872787,-0.11466188728809357,0.1700119972229004,0.9959078685841225,1.0,0.11974135786294937,0.013051509857177734,8552,1,11262,11248,14,0,1840,0.0,16.35846372688478,16.338128218788846,0.0,99.35988620199147,99.23637009412182
NU0941nw_P_12498_20220119_20220119,61054,31071,21110,15487,15472,0.20000000298023224,0.07182434946298599,0.06210453435778618,-0.061922311782836914,0.1280485987663269,0.9980610134436402,1.0,0.07182300090789795,0.09029269218444824,15471,1,21078,20927,151,4,929,2.6490066225165565,4.439241171692072,4.426416168516937,0.0,49.63444354183591,49.27886896289971
NU0941sw_P_12498_20220119_20220119,54450,37034,26832,19968,19855,0.20000000298023224,0.06560073792934418,0.05540608987212181,-0.05510907992720604,0.12123534828424454,0.9986905061697305,1.0,0.0656018927693367,0.03621649742126465,19854,1,26700,26552,148,7,968,4.72972972972973,3.645676408556794,3.651685393258427,0.0,46.135884302500756,45.88014981273408
NX9212_P_12706_20220902_20220902,360702,192985,11780,10968,10960,0.20000000298023224,0.022364836186170578,0.007800575811415911,-0.0027631870470941067,0.02522289752960205,0.9987226277372263,0.9997262773722628,0.022364836186170578,nan,10960,0,11760,11744,16,1,27,6.25,0.22990463215258855,0.23809523809523808,12.5,0.7493188010899182,0.7653061224489796
NX9212_P_12707_20220901_20220901,1532692,1298923,323238,288498,288349,0.20000000298023224,0.03014475479722023,0.019841574132442474,-0.01900443248450756,0.06585216522216797,0.9999132995085817,1.0,0.030140470713377,0.19530344009399414,288347,2,323051,322920,131,61,244,46.56488549618321,0.07556051034311904,0.09441233737087952,11.450381679389313,3.674284652545522,3.677437927757537
NX9214_P_12706_20220902_20220902,1759914,1247599,263311,186801,186776,0.20000000298023224,1.8781455755233765,0.3081624209880829,-0.30256736278533936,0.9600272178649902,0.9202734826744335,0.9414111020687883,1.7580194473266602,4.659693717956543,182395,4381,263276,191638,71638,4282,13536,5.977274630782546,7.06331729615212,6.767802610188547,11.063960467908094,4.197497364823261,6.065877634117808
NX9214_P_12707_20220901_20220901,1498746,915775,146363,76831,76827,0.20000000298023224,2.1332573890686035,0.5666273236274719,-0.5540832877159119,3.8303942680358887,0.826766631522772,0.8722324182904447,1.9306273460388184,4.806028842926025,73561,3266,146340,88057,58283,5662,12345,9.714668085033372,14.01932838956585,12.304906382397157,17.0958941715423,8.181064537742598,11.731583982506491
NX9408_P_12706_20220902_20220902,578,76,17,5,1,0.20000000298023224,0.02063775062561035,0.02063775062561035,-0.02063775062561035,0.02063775062561035,1.0,1.0,0.02063775062561035,nan,1,0,1,1,0,0,0,0.0,0.0,0.0,0.0,0.0,0.0
NX9410_P_12706_20220902_20220902,9486504,5165747,1569646,1351138,1351131,0.20000000298023224,0.1328895539045334,0.02977127954363823,-0.020782163366675377,0.07950592041015625,0.9800759511846001,0.9909712677749234,0.12078230082988739,0.6115245819091797,1339584,11547,1569623,1449629,119994,21984,28293,18.32091604580229,1.9517407557381923,3.2031258461426724,20.047669050119172,1.7526553345718112,3.151266259477594
NX9412_P_12706_20220902_20220902,16000000,13291829,5642102,4908620,4908588,0.20000000298023224,1.3630428314208984,0.23531757295131683,-0.218370258808136,1.0083744525909424,0.9108617386507077,0.9342024631115914,1.2496461868286133,6.6576361656188965,4874580,34008,5642053,5078096,563957,81271,467068,14.410850472642418,9.197699295168897,9.71878498837214,19.05233909677511,4.384202267936644,5.850370423673794
NX9412_P_12707_20220901_20220901,7110708,4820663,1152750,1002050,1001941,0.20000000298023224,3.254218816757202,0.7646462321281433,-0.7548065781593323,5.276313781738281,0.8568428679932252,0.8837326748780617,3.114262819290161,11.884461402893066,995152,6789,1152618,1039258,113360,9875,143531,8.711185603387438,13.810911246293028,13.309353142151172,10.162314749470713,7.60340550662107,7.855074274390995
NX9414_P_12706_20220902_20220902,7009220,5579627,1847901,1646923,1646910,0.20000000298023224,1.203829288482666,0.5010906457901001,-0.49187129735946655,3.043491840362549,0.722261082876417,0.7850835807664049,1.1939128637313843,2.4330379962921143,1638197,8713,1847864,1686326,161538,27339,472899,16.92419121197489,28.04315417066451,27.071148093149713,18.545481558518738,15.53519307654629,15.798348796231757
NX9414_P_12707_20220901_20220901,16000000,15746307,6069571,4940561,4940545,0.20000000298023224,0.40842393040657043,0.10324597358703613,-0.08915838599205017,0.499847412109375,0.9210528393122621,0.95000996853586,0.39316049218177795,0.9699256420135498,4863658,76887,6069501,5232694,836807,157173,392049,18.782467163874106,7.492297466658665,9.048882272199972,22.913527252998602,5.148705427835069,7.597955746279636
NX9416_P_12707_20220901_20220901,14840000,8977713,1270970,1114626,1114618,0.20000000298023224,0.14605344831943512,0.024563312530517578,-0.023252490907907486,0.0679561123251915,0.996615880956525,0.9981060775978855,0.12587213516235352,1.7967898845672607,1112714,1904,1270934,1247263,23671,3396,4885,14.346668919775253,0.39165757342276647,0.6515680593956885,13.260952220016053,4.792573819635474,4.950296396193665
NX9418_P_12707_20220901_20220901,2928240,1588094,238903,205383,205377,0.20000000298023224,0.035963572561740875,0.024682138115167618,-0.02374715730547905,0.07801689952611923,0.9998003671297175,1.0,0.035963572561740875,nan,205377,0,238869,238700,169,71,287,42.01183431952663,0.12023460410557185,0.14987294291013065,0.591715976331361,7.218684541265186,7.213995955942378
NX9606_P_12706_20220902_20220902,3638340,1903445,339780,300082,300078,0.20000000298023224,0.031971320509910583,0.016817227005958557,-0.014938928186893463,0.06345997750759125,0.9969507927938736,0.9999866701324323,0.031971048563718796,0.04807184636592865,300074,4,339751,338970,781,433,1688,55.441741357234314,0.49797917219812965,0.6242807232355461,16.389244558258643,2.001947074962386,2.035019764474571
NX9608_P_12706_20220902_20220902,15996000,11294870,4127041,3553932,3553920,0.20000000298023224,0.03376901149749756,0.015103296376764774,-0.007932188920676708,0.04921367019414902,0.996292825949937,0.999442868719611,0.03146327659487724,0.20948390662670135,3541458,12462,4126982,3994032,132950,27090,19053,20.376081233546447,0.47703673881431097,1.1180809608571105,30.831139526137644,0.7978904525552124,1.7654062944786286
NX9610_P_12706_20220902_20220902,16000000,13337867,5729174,4871095,4871078,0.20000000298023224,0.22230716049671173,0.04073062911629677,-0.028544683009386063,0.07880225032567978,0.9750882658828293,0.987376921494585,0.2213931381702423,0.28918442130088806,4814003,57075,5729143,5103227,625916,53569,123083,8.558496667284428,2.411866060435877,3.083393100852955,10.84937914991788,1.3930401293142554,2.4261569313246327
NX9612_P_12706_20220902_20220902,7465386,3765141,1572003,1188694,1188679,0.20000000298023224,0.053511735051870346,0.020073723047971725,-0.005841131322085857,0.05170440673828125,0.9906072202840296,0.9979540313238477,0.047440774738788605,0.13288290798664093,1141395,47284,1571964,1195697,376267,9581,12185,2.546330132592016,1.0190708850151835,1.3846373072156868,3.00983078505423,0.7915885044455242,1.3225493713596495
NX9612_P_12707_20220901_20220901,76139,33729,13310,9940,9824,0.20000000298023224,0.07756536453962326,0.023536846041679382,-0.009397606365382671,0.05297813564538956,0.9822882736156352,0.9919584690553745,0.05448942631483078,0.43200576305389404,9661,163,11791,10063,1728,55,85,3.1828703703703702,0.8446785252906688,1.1873462810618267,3.009259259259259,0.9142402861969592,1.221270460520736
NX9614_P_12707_20220901_20220901,8708000,6915818,2917895,2317209,2317134,0.20000000298023224,0.06550280749797821,0.02127777226269245,-0.009557852521538734,0.07024383544921875,0.9844290403576141,0.9976302622118531,0.05464571714401245,0.297964483499527,2281904,35230,2917701,2479395,438306,42467,41428,9.68889314770959,1.6708914876411383,2.875380307989064,10.725155484980812,1.0686477951274405,2.5192780206059497
NX9616_P_12707_20220901_20220901,16000000,15052243,6159405,3509445,3509437,0.20000000298023224,0.2074519544839859,0.04516741633415222,-0.03084525279700756,0.15451796352863312,0.9618206567036252,0.9868865005982441,0.18609216809272766,0.45085540413856506,3334506,174931,6159367,3744457,2414910,167616,143315,6.940879784339789,3.82739072714682,5.048099910266753,8.06266072027529,3.1584285785629267,5.081236432250262
NX9618_P_12707_20220901_20220901,16000000,15980853,5610340,3870865,3870856,0.20000000298023224,0.22569707036018372,0.04069792106747627,-0.030812542885541916,0.09924644231796265,0.9759848984307347,0.9904537910994364,0.20915620028972626,0.551049530506134,3763732,107124,5610312,4148551,1461761,73746,85936,5.045010778095735,2.0714702555181317,2.846223169050135,6.47226188138827,3.8452221028498865,4.529694605219817
NX9620_P_12707_20220901_20220901,15644000,14240404,3800668,3131843,3131834,0.20000000298023224,0.08389711380004883,0.025618525221943855,-0.02070634439587593,0.08017922937870026,0.9910081441098091,0.9972083450144548,0.0798894539475441,0.3221178948879242,3110723,21111,3800644,3543642,257002,38330,35997,14.914280822717332,1.0158193180913873,1.9556422543126901,17.168737986474813,4.791511106370226,5.628467175562879
NX9622_P_12707_20220901_20220901,12504000,10705230,2248200,1823721,1823713,0.20000000298023224,0.07168558984994888,0.029384136199951172,-0.025689747184515,0.09140925109386444,0.9869601192731532,0.9958003260381431,0.06877850741147995,0.3429747223854065,1817117,6596,2248181,2130811,117370,25130,33190,21.410922723012696,1.5576228956955827,2.5940971834563142,25.077106586010053,5.3148308320165425,6.346553057783159
NX9624_P_12707_20220901_20220901,8860000,7170453,1477711,1335591,1335581,0.20000000298023224,0.028363289311528206,0.016037717461586,-0.013990587554872036,0.05910515785217285,0.9989337973511153,0.999950583304195,0.028348613530397415,0.09539064019918442,1335447,134,1477680,1475825,1855,831,3008,44.79784366576819,0.20381820337777176,0.2597991446050566,15.95687331536388,2.6402181830501585,2.6569351957121974
NX9626_P_12707_20220901_20220901,5264000,3811505,794165,701493,701482,0.20000000298023224,0.03370622545480728,0.021189209073781967,-0.020086441189050674,0.07323688268661499,0.9990605603565024,1.0,0.03370622545480728,nan,701482,0,794129,792434,1695,860,2081,50.73746312684366,0.2626086210334236,0.3703428536169816,7.846607669616519,4.205018966879261,4.212791624534553
NX9628_P_12707_20220901_20220901,5168000,3196996,546300,462625,462619,0.20000000298023224,0.02661709487438202,0.014684474095702171,-0.011422551237046719,0.05443446710705757,0.9988176015252291,1.0,0.02660880982875824,0.029116740450263023,461159,1460,546256,538350,7906,2392,2217,30.25550215026562,0.4118138757314015,0.8437435927477227,48.17859853275993,1.5801987554564874,2.254620544213702
NX9630_P_12707_20220901_20220901,100280,58344,1930,1154,1148,0.20000000298023224,0.06952179968357086,0.04636454954743385,-0.03371907398104668,0.15225662291049957,0.9782229965156795,1.0,0.06952179968357086,nan,1148,0,1899,1755,144,64,57,44.44444444444444,3.247863247863248,6.371774618220116,12.5,11.68091168091168,11.743022643496577
NX9802_P_12706_20220902_20220902,334505,211574,12129,9012,9006,0.20000000298023224,0.04254954680800438,0.02817440778017044,-0.024244293570518494,0.0930403470993042,0.9985565178769709,1.0,0.04254954680800438,nan,9006,0,12111,11957,154,90,67,58.44155844155844,0.5603412227147277,1.2963421682767733,14.285714285714286,7.644057874048674,7.728511270745603
NX9804_P_12706_20220902_20220902,11744000,7035123,1773758,1578070,1578056,0.20000000298023224,0.02632261998951435,0.015146179124712944,-0.012620814144611359,0.05446279048919678,0.9991660625478437,0.9999410667302048,0.02631962113082409,0.03663405403494835,1577672,384,1773723,1770141,3582,1492,2807,41.65270798436627,0.15857493838061487,0.24237155407016767,26.633165829145728,1.7890665206895948,1.8392387086371436
